Mutation,Predicted Outcome,RSA,SST,Phi,Psi,Depth,Distance to Ligand,ΔΔG DynaMut,ΔΔG DynaMut,ΔΔG ENCoM,ΔΔG ENCoM,ΔΔSVib ENCoM,ΔΔSVib ENCoM,ΔΔG mCSM,ΔΔG mCSM,ΔΔG SDM,ΔΔG SDM,Provean,Provean,SNAP2 Score,SNAP2 Score 
V7A,Resistant,0.000%,Strand,-87.6°,116.1°,1.974Å,3.546Å,"-1,327",Destabilising,"-0,081",Destabilising,"0,102",Decrease in Flexibility,"-2,083",Destabilising,"-2,66",Destabilising,"-3,692",Deleterious,64,Severe
V7R,Resistant,0.000%,Strand,-87.6°,116.1°,1.974Å,3.546Å,"-0,865",Destabilising,"0,536",Stabilising,"-0,67",Increase in Flexibility,"-1,222",Destabilising,"-3,69",Destabilising,"-6,497",Deleterious,89,Severe
V7N,Resistant,0.000%,Strand,-87.6°,116.1°,1.974Å,3.546Å,"-1,62",Destabilising,"-0,103",Destabilising,"0,128",Decrease in Flexibility,"-1,846",Destabilising,"-2,64",Destabilising,"-6,455",Deleterious,86,Severe
V7D,Resistant,0.000%,Strand,-87.6°,116.1°,1.974Å,3.546Å,"-0,821",Destabilising,"0,054",Destabilising,"-0,06",Increase in Flexibility,"-2,795",Destabilising,"-3,81",Destabilising,"-6,486",Deleterious,89,Severe
V7E,Resistant,0.000%,Strand,-87.6°,116.1°,1.974Å,3.546Å,"-1,481",Destabilising,"0,193",Destabilising,"-0,24",Increase in Flexibility,"-2,706",Destabilising,"-3,36",Destabilising,"-5,568",Deleterious,87,Severe
V7C,Resistant,0.000%,Strand,-87.6°,116.1°,1.974Å,3.546Å,"-0,444",Destabilising,"0,07",Destabilising,"-0,08",Increase in Flexibility,"-1,986",Destabilising,"-1,34",Destabilising,"-4,652",Deleterious,64,Severe
V7G,Resistant,0.000%,Strand,-87.6°,116.1°,1.974Å,3.546Å,"-2,428",Destabilising,"-0,373",Destabilising,"0,466",Decrease in Flexibility,"-2,461",Destabilising,"-3,2",Destabilising,"-6,524",Deleterious,86,Severe
V7Q,Resistant,0.000%,Strand,-87.6°,116.1°,1.974Å,3.546Å,"-1,287",Destabilising,"0,292",Destabilising,"-0,36",Increase in Flexibility,"-1,967",Destabilising,"-3,94",Destabilising,"-5,571",Deleterious,87,Severe
V7H,Resistant,0.000%,Strand,-87.6°,116.1°,1.974Å,3.546Å,"-0,751",Destabilising,"0,432",Destabilising,"-0,54",Increase in Flexibility,"-1,82",Destabilising,"-2,14",Destabilising,"-6,527",Deleterious,86,Severe
V7L,Resistant,0.000%,Strand,-87.6°,116.1°,1.974Å,3.546Å,"-1,229",Destabilising,"0,383",Destabilising,"-0,47",Increase in Flexibility,"-1,082",Destabilising,"-1,5",Destabilising,"-2,806",Deleterious,83,Severe
V7K,Resistant,0.000%,Strand,-87.6°,116.1°,1.974Å,3.546Å,"-1,051",Destabilising,"0,48",Destabilising,"-0,6",Increase in Flexibility,"-1,712",Destabilising,"-3,86",Destabilising,"-5,572",Deleterious,90,Severe
V7M,Resistant,0.000%,Strand,-87.6°,116.1°,1.974Å,3.546Å,"-1,121",Destabilising,"0,3",Destabilising,"-0,37",Increase in Flexibility,"-1,217",Destabilising,"-2,07",Destabilising,"-2,803",Deleterious,80,Severe
V7F,Resistant,0.000%,Strand,-87.6°,116.1°,1.974Å,3.546Å,"-0,899",Destabilising,"0,621",Stabilising,"-0,77",Increase in Flexibility,"-1,451",Destabilising,"-2,06",Destabilising,"-4,681",Deleterious,83,Severe
V7P,Resistant,0.000%,Strand,-87.6°,116.1°,1.974Å,3.546Å,"-1,791",Destabilising,"-0,135",Destabilising,"0,169",Decrease in Flexibility,"-1,388",Destabilising,"-4,82",Destabilising,"-5,574",Deleterious,92,Severe
V7S,Resistant,0.000%,Strand,-87.6°,116.1°,1.974Å,3.546Å,"-1,963",Destabilising,"-0,014",Destabilising,"0,017",Decrease in Flexibility,"-2,381",Destabilising,"-4,39",Destabilising,"-5,502",Deleterious,83,Severe
V7Y,Resistant,0.000%,Strand,-87.6°,116.1°,1.974Å,3.546Å,"-0,996",Destabilising,"0,675",Stabilising,"-0,84",Increase in Flexibility,"-1,418",Destabilising,"-2,61",Destabilising,"-4,682",Deleterious,87,Severe
V7T,Resistant,0.000%,Strand,-87.6°,116.1°,1.974Å,3.546Å,"-1,215",Destabilising,"0,225",Destabilising,"-0,28",Increase in Flexibility,"-2,181",Destabilising,"-2,98",Destabilising,"-3,524",Deleterious,75,Severe
V7W,Resistant,0.000%,Strand,-87.6°,116.1°,1.974Å,3.546Å,"-0,624",Destabilising,"1,36",Stabilising,"-1,7",Increase in Flexibility,"-1,7",Destabilising,"-2,7",Destabilising,"-6,533",Deleterious,90,Severe
D8A,Resistant,0.025%,Other/,47.9°<,48.8°<,1.672Å,1.904Å,"-0,075",Destabilising,"-0,265",Destabilising,"0,331",Decrease in Flexibility,"-0,87",Destabilising,"0,03",Stabilising,"-7,68",Deleterious,87,Severe
D8R,Resistant,0.025%,Other/,47.9°<,48.8°<,1.672Å,1.904Å,"0,221",Stabilising,"0,498",Destabilising,"-0,62",Increase in Flexibility,"-1,123",Destabilising,"-0,76",Destabilising,"-7,68",Deleterious,94,Severe
D8N,Resistant,0.025%,Other/,47.9°<,48.8°<,1.672Å,1.904Å,"1,19",Stabilising,"0,099",Destabilising,"-0,12",Increase in Flexibility,"-1,474",Destabilising,"0,24",Stabilising,"-4,8",Deleterious,92,Severe
D8E,Resistant,0.025%,Other/,47.9°<,48.8°<,1.672Å,1.904Å,"0,929",Stabilising,"0,234",Destabilising,"-0,29",Increase in Flexibility,"-1,028",Destabilising,"-0,5",Destabilising,"-3,84",Deleterious,90,Severe
D8C,Resistant,0.025%,Other/,47.9°<,48.8°<,1.672Å,1.904Å,"0,576",Stabilising,"0,04",Destabilising,"-0,05",Increase in Flexibility,"-0,628",Destabilising,"0,1",Stabilising,"-8,64",Deleterious,86,Severe
D8G,Resistant,0.025%,Other/,47.9°<,48.8°<,1.672Å,1.904Å,"-0,088",Destabilising,"-0,36",Destabilising,"0,45",Decrease in Flexibility,"-1,266",Destabilising,"0,37",Stabilising,"-6,72",Deleterious,92,Severe
D8Q,Resistant,0.025%,Other/,47.9°<,48.8°<,1.672Å,1.904Å,"0,804",Stabilising,"0,231",Destabilising,"-0,28",Increase in Flexibility,"-1,207",Destabilising,"-0,98",Destabilising,"-5,76",Deleterious,91,Severe
D8H,Resistant,0.025%,Other/,47.9°<,48.8°<,1.672Å,1.904Å,"0,906",Stabilising,"0,573",Stabilising,"-0,71",Increase in Flexibility,"-1,015",Destabilising,"-0,12",Destabilising,"-6,72",Deleterious,90,Severe
D8I,Resistant,0.025%,Other/,47.9°<,48.8°<,1.672Å,1.904Å,"1,567",Stabilising,"0,275",Destabilising,"-0,34",Increase in Flexibility,"0,206",Stabilising,"0,63",Stabilising,"-8,64",Deleterious,93,Severe
D8L,Resistant,0.025%,Other/,47.9°<,48.8°<,1.672Å,1.904Å,"1,339",Stabilising,"0,253",Destabilising,"-0,31",Increase in Flexibility,"0,206",Stabilising,"0,51",Stabilising,"-9,6",Deleterious,94,Severe
D8K,Resistant,0.025%,Other/,47.9°<,48.8°<,1.672Å,1.904Å,"0,521",Stabilising,"0,465",Destabilising,"-0,58",Increase in Flexibility,"-1,173",Destabilising,"-1,31",Destabilising,"-6,72",Deleterious,95,Severe
D8M,Resistant,0.025%,Other/,47.9°<,48.8°<,1.672Å,1.904Å,"1,824",Stabilising,"0,425",Destabilising,"-0,53",Increase in Flexibility,"0,814",Stabilising,"-0,46",Destabilising,"-8,64",Deleterious,93,Severe
D8F,Resistant,0.025%,Other/,47.9°<,48.8°<,1.672Å,1.904Å,"0,814",Stabilising,"0,528",Stabilising,"-0,66",Increase in Flexibility,"-0,748",Destabilising,"-0,49",Destabilising,"-8,64",Deleterious,92,Severe
D8P,Resistant,0.025%,Other/,47.9°<,48.8°<,1.672Å,1.904Å,"-0,074",Destabilising,"-0,153",Destabilising,"0,191",Decrease in Flexibility,"-0,13",Destabilising,"-1,74",Destabilising,"-6,72",Deleterious,95,Severe
D8S,Resistant,0.025%,Other/,47.9°<,48.8°<,1.672Å,1.904Å,"-0,597",Destabilising,"-0,041",Destabilising,"0,051",Decrease in Flexibility,"-1,981",Destabilising,"-1,57",Destabilising,"-5,76",Deleterious,90,Severe
D8Y,Resistant,0.025%,Other/,47.9°<,48.8°<,1.672Å,1.904Å,"0,788",Stabilising,"0,926",Stabilising,"-1,15",Increase in Flexibility,"-0,586",Destabilising,"-0,7",Destabilising,"-8,64",Deleterious,94,Severe
D8T,Resistant,0.025%,Other/,47.9°<,48.8°<,1.672Å,1.904Å,"-0,689",Destabilising,"0,033",Destabilising,"-0,04",Increase in Flexibility,"-1,623",Destabilising,"-0,33",Destabilising,"-6,72",Deleterious,90,Severe
D8W,Resistant,0.025%,Other/,47.9°<,48.8°<,1.672Å,1.904Å,"0,959",Stabilising,"1,069",Stabilising,"-1,33",Increase in Flexibility,"-0,857",Destabilising,-1,Destabilising,"-9,6",Deleterious,94,Severe
F13A,Resistant,0.132%,3-10 he,-101,4.2°</,1.123Å,2.577Å,"-2,641",Destabilising,"-0,645",Destabilising,"0,807",Decrease in Flexibility,"-3,009",Destabilising,"-2,6",Destabilising,"-7,68",Deleterious,84,Severe
F13R,Resistant,0.132%,3-10 he,-101,4.2°</,1.123Å,2.577Å,"-0,139",Destabilising,"0,137",Destabilising,"-0,17",Increase in Flexibility,"-1,146",Destabilising,"-1,53",Destabilising,"-8,64",Deleterious,91,Severe
F13N,Resistant,0.132%,3-10 he,-101,4.2°</,1.123Å,2.577Å,"-1,74",Destabilising,"-0,488",Destabilising,"0,61",Decrease in Flexibility,"-2,162",Destabilising,"-1,97",Destabilising,"-8,64",Deleterious,90,Severe
F13D,Resistant,0.132%,3-10 he,-101,4.2°</,1.123Å,2.577Å,"-2,417",Destabilising,"-0,483",Destabilising,"0,604",Decrease in Flexibility,"-3,303",Destabilising,"-2,39",Destabilising,"-8,64",Deleterious,92,Severe
F13E,Resistant,0.132%,3-10 he,-101,4.2°</,1.123Å,2.577Å,"-1,155",Destabilising,"-0,324",Destabilising,"0,405",Decrease in Flexibility,"-3,209",Destabilising,"-1,19",Destabilising,"-8,64",Deleterious,90,Severe
F13C,Resistant,0.132%,3-10 he,-101,4.2°</,1.123Å,2.577Å,"-1,661",Destabilising,"-0,331",Destabilising,"0,413",Decrease in Flexibility,"-2,169",Destabilising,"-1,14",Destabilising,"-7,68",Deleterious,79,Severe
F13G,Resistant,0.132%,3-10 he,-101,4.2°</,1.123Å,2.577Å,"-3,164",Destabilising,"-0,747",Destabilising,"0,934",Decrease in Flexibility,"-3,367",Destabilising,"-2,88",Destabilising,"-8,64",Deleterious,89,Severe
F13Q,Resistant,0.132%,3-10 he,-101,4.2°</,1.123Å,2.577Å,"-1,554",Destabilising,"-0,305",Destabilising,"0,381",Decrease in Flexibility,"-2,343",Destabilising,"-1,81",Destabilising,"-8,64",Deleterious,89,Severe
F13H,Resistant,0.132%,3-10 he,-101,4.2°</,1.123Å,2.577Å,"-0,828",Destabilising,"-0,067",Destabilising,"0,084",Decrease in Flexibility,"-1,762",Destabilising,"-1,31",Destabilising,"-6,72",Deleterious,89,Severe
F13I,Resistant,0.132%,3-10 he,-101,4.2°</,1.123Å,2.577Å,"-1,109",Destabilising,"-0,161",Destabilising,"0,201",Decrease in Flexibility,"-1,869",Destabilising,"-0,01",Destabilising,"-5,76",Deleterious,83,Severe
F13L,Susceptible,0.132%,3-10 he,-101,4.2°</,1.123Å,2.577Å,"-1,138",Destabilising,"-0,016",Destabilising,"0,019",Decrease in Flexibility,"-1,869",Destabilising,"-1,53",Destabilising,"-5,76",Deleterious,84,Severe
F13K,Resistant,0.132%,3-10 he,-101,4.2°</,1.123Å,2.577Å,"-0,555",Destabilising,"0,037",Destabilising,"-0,04",Increase in Flexibility,"-1,969",Destabilising,"-1,03",Destabilising,"-8,64",Deleterious,92,Severe
F13M,Resistant,0.132%,3-10 he,-101,4.2°</,1.123Å,2.577Å,"-0,79",Destabilising,"-0,152",Destabilising,"0,19",Decrease in Flexibility,"-1,671",Destabilising,"0,2",Stabilising,"-5,76",Deleterious,82,Severe
F13P,Resistant,0.132%,3-10 he,-101,4.2°</,1.123Å,2.577Å,"-1,952",Destabilising,"-0,634",Destabilising,"0,792",Decrease in Flexibility,"-2,253",Destabilising,"-3,15",Destabilising,"-9,6",Deleterious,92,Severe
F13S,Resistant,0.132%,3-10 he,-101,4.2°</,1.123Å,2.577Å,"-2,985",Destabilising,"-0,557",Destabilising,"0,697",Decrease in Flexibility,"-2,803",Destabilising,"-3,17",Destabilising,"-7,68",Deleterious,88,Severe
F13Y,Resistant,0.132%,3-10 he,-101,4.2°</,1.123Å,2.577Å,"0,759",Stabilising,"0,229",Destabilising,"-0,28",Increase in Flexibility,"-1,213",Destabilising,"-0,86",Destabilising,"-2,88",Deleterious,78,Severe
F13T,Resistant,0.132%,3-10 he,-101,4.2°</,1.123Å,2.577Å,"-1,623",Destabilising,"-0,4",Destabilising,"0,5",Decrease in Flexibility,"-2,609",Destabilising,"-2,13",Destabilising,"-7,68",Deleterious,88,Severe
F13W,Resistant,0.132%,3-10 he,-101,4.2°</,1.123Å,2.577Å,"-0,076",Destabilising,"0,486",Destabilising,"-0,6",Increase in Flexibility,"-0,918",Destabilising,"-0,81",Destabilising,"-4,8",Deleterious,84,Severe
L19A,Resistant,0.177%,Turn/b,"-141,1",38.6°<,0.793Å,2.195Å,"-1,782",Destabilising,"-1,419",Destabilising,"1,773",Decrease in Flexibility,"-2,377",Destabilising,"-0,4",Destabilising,"-4,588",Deleterious,72,Severe
L19R,Resistant,0.177%,Turn/b,"-141,1",38.6°<,0.793Å,2.195Å,"-0,755",Destabilising,"-0,141",Destabilising,"0,176",Decrease in Flexibility,"-1,317",Destabilising,"-0,7",Destabilising,"-5,654",Deleterious,81,Severe
L19N,Resistant,0.177%,Turn/b,"-141,1",38.6°<,0.793Å,2.195Å,"-1,332",Destabilising,"-0,587",Destabilising,"0,733",Decrease in Flexibility,"-1,807",Destabilising,"-0,48",Destabilising,"-6,561",Deleterious,81,Severe
L19D,Resistant,0.177%,Turn/b,"-141,1",38.6°<,0.793Å,2.195Å,"-1,84",Destabilising,"-0,908",Destabilising,"1,135",Decrease in Flexibility,"-2,039",Destabilising,"-0,35",Destabilising,"-7,468",Deleterious,85,Severe
L19E,Resistant,0.177%,Turn/b,"-141,1",38.6°<,0.793Å,2.195Å,"-1,56",Destabilising,"-0,476",Destabilising,"0,595",Decrease in Flexibility,"-1,868",Destabilising,"-0,61",Destabilising,"-6,508",Deleterious,83,Severe
L19C,Resistant,0.177%,Turn/b,"-141,1",38.6°<,0.793Å,2.195Å,"-1,728",Destabilising,"-0,762",Destabilising,"0,953",Decrease in Flexibility,"-1,726",Destabilising,"-0,55",Destabilising,"-4,641",Deleterious,54,Severe
L19G,Resistant,0.177%,Turn/b,"-141,1",38.6°<,0.793Å,2.195Å,"-1,988",Destabilising,"-1,69",Destabilising,"2,112",Decrease in Flexibility,"-2,879",Destabilising,"-0,91",Destabilising,"-7,468",Deleterious,82,Severe
L19Q,Resistant,0.177%,Turn/b,"-141,1",38.6°<,0.793Å,2.195Å,"-0,963",Destabilising,"-0,453",Destabilising,"0,566",Decrease in Flexibility,"-1,75",Destabilising,"-1,25",Destabilising,"-5,601",Deleterious,76,Severe
L19H,Resistant,0.177%,Turn/b,"-141,1",38.6°<,0.793Å,2.195Å,"-1,594",Destabilising,"-0,667",Destabilising,"0,834",Decrease in Flexibility,"-2,169",Destabilising,"-0,08",Destabilising,"-6,561",Deleterious,80,Severe
L19I,Susceptible,0.177%,Turn/b,"-141,1",38.6°<,0.793Å,2.195Å,"-0,664",Destabilising,"-0,332",Destabilising,"0,415",Decrease in Flexibility,"-0,958",Destabilising,"-0,39",Destabilising,"-1,708",Neutral,57,Severe
L19K,Resistant,0.177%,Turn/b,"-141,1",38.6°<,0.793Å,2.195Å,"-0,974",Destabilising,"-0,316",Destabilising,"0,395",Decrease in Flexibility,"-1,668",Destabilising,"-0,77",Destabilising,"-5,601",Deleterious,85,Severe
L19F,Susceptible,0.177%,Turn/b,"-141,1",38.6°<,0.793Å,2.195Å,"-0,862",Destabilising,"-0,269",Destabilising,"0,336",Decrease in Flexibility,"-1,562",Destabilising,"-0,15",Destabilising,"-3,734",Deleterious,60,Severe
L19P,Resistant,0.177%,Turn/b,"-141,1",38.6°<,0.793Å,2.195Å,"-0,565",Destabilising,"-0,946",Destabilising,"1,183",Decrease in Flexibility,"-1,408",Destabilising,"-1,29",Destabilising,"-6,508",Deleterious,83,Severe
L19S,Resistant,0.177%,Turn/b,"-141,1",38.6°<,0.793Å,2.195Å,"-2,34",Destabilising,"-0,775",Destabilising,"0,969",Decrease in Flexibility,"-2,582",Destabilising,"-1,63",Destabilising,"-5,601",Deleterious,77,Severe
L19Y,Susceptible,0.177%,Turn/b,"-141,1",38.6°<,0.793Å,2.195Å,"-0,814",Destabilising,"-0,121",Destabilising,"0,151",Decrease in Flexibility,"-1,519",Destabilising,"-0,68",Destabilising,"-4,641",Deleterious,69,Severe
L19T,Resistant,0.177%,Turn/b,"-141,1",38.6°<,0.793Å,2.195Å,"-2,211",Destabilising,"-0,915",Destabilising,"1,144",Decrease in Flexibility,"-2,254",Destabilising,-1,Destabilising,"-4,588",Deleterious,74,Severe
L19W,Resistant,0.177%,Turn/b,"-141,1",38.6°<,0.793Å,2.195Å,"0,457",Stabilising,"0,493",Destabilising,"-0,61",Increase in Flexibility,"-1,775",Destabilising,"-0,35",Destabilising,"-5,654",Deleterious,69,Severe
D49A,Resistant,0.049%,Strand,-68.7°,133.2°,1.803Å,1.766Å,"-0,401",Destabilising,"-0,084",Destabilising,"0,104",Decrease in Flexibility,"-0,914",Destabilising,"1,22",Stabilising,"-7,717",Deleterious,73,Severe
D49R,Resistant,0.049%,Strand,-68.7°,133.2°,1.803Å,1.766Å,"0,285",Stabilising,"0,721",Stabilising,"-0,9",Increase in Flexibility,"-1,843",Destabilising,"-1,16",Destabilising,"-7,71",Deleterious,86,Severe
D49N,Resistant,0.049%,Strand,-68.7°,133.2°,1.803Å,1.766Å,"0,034",Stabilising,"0,109",Destabilising,"-0,13",Increase in Flexibility,"-2,017",Destabilising,"0,36",Stabilising,"-4,806",Deleterious,76,Severe
D49E,Resistant,0.049%,Strand,-68.7°,133.2°,1.803Å,1.766Å,"0,691",Stabilising,"0,3",Destabilising,"-0,37",Increase in Flexibility,"-0,906",Destabilising,"0,06",Stabilising,"-3,856",Deleterious,75,Severe
D49C,Resistant,0.049%,Strand,-68.7°,133.2°,1.803Å,1.766Å,"0,669",Stabilising,"0,099",Destabilising,"-0,12",Increase in Flexibility,"-0,928",Destabilising,"0,77",Stabilising,"-8,684",Deleterious,72,Severe
D49G,Resistant,0.049%,Strand,-68.7°,133.2°,1.803Å,1.766Å,"-0,185",Destabilising,"-0,143",Destabilising,"0,179",Decrease in Flexibility,"-1,268",Destabilising,"0,06",Stabilising,"-6,749",Deleterious,83,Severe
D49Q,Resistant,0.049%,Strand,-68.7°,133.2°,1.803Å,1.766Å,"0,328",Stabilising,"0,38",Destabilising,"-0,47",Increase in Flexibility,"-1,623",Destabilising,"-0,88",Destabilising,"-5,783",Deleterious,78,Severe
D49H,Resistant,0.049%,Strand,-68.7°,133.2°,1.803Å,1.766Å,"1,068",Stabilising,"0,5",Stabilising,"-0,62",Increase in Flexibility,"-1,414",Destabilising,"0,47",Stabilising,"-6,746",Deleterious,80,Severe
D49I,Resistant,0.049%,Strand,-68.7°,133.2°,1.803Å,1.766Å,"1,72",Stabilising,"0,116",Destabilising,"-0,14",Increase in Flexibility,"0,051",Stabilising,"2,59",Stabilising,"-8,684",Deleterious,83,Severe
D49L,Resistant,0.049%,Strand,-68.7°,133.2°,1.803Å,1.766Å,"1,461",Stabilising,"0,134",Destabilising,"-0,16",Increase in Flexibility,"0,051",Stabilising,"1,82",Stabilising,"-9,647",Deleterious,86,Severe
D49K,Resistant,0.049%,Strand,-68.7°,133.2°,1.803Å,1.766Å,"0,495",Stabilising,"0,386",Destabilising,"-0,48",Increase in Flexibility,"-1,823",Destabilising,"-1,28",Destabilising,"-6,745",Deleterious,88,Severe
D49M,Resistant,0.049%,Strand,-68.7°,133.2°,1.803Å,1.766Å,"1,232",Stabilising,"0,248",Destabilising,"-0,31",Increase in Flexibility,"0,686",Stabilising,"0,53",Stabilising,"-8,68",Deleterious,83,Severe
D49F,Resistant,0.049%,Strand,-68.7°,133.2°,1.803Å,1.766Å,"1,93",Stabilising,"0,877",Stabilising,"-1,09",Increase in Flexibility,"-0,963",Destabilising,"0,9",Stabilising,"-8,684",Deleterious,81,Severe
D49P,Resistant,0.049%,Strand,-68.7°,133.2°,1.803Å,1.766Å,"0,352",Stabilising,"-0,031",Destabilising,"0,039",Decrease in Flexibility,"-0,25",Destabilising,"-1,53",Destabilising,"-6,753",Deleterious,88,Severe
D49S,Resistant,0.049%,Strand,-68.7°,133.2°,1.803Å,1.766Å,"-0,287",Destabilising,"0,086",Destabilising,"-0,1",Increase in Flexibility,"-2,507",Destabilising,"-0,84",Destabilising,"-5,782",Deleterious,77,Severe
D49Y,Resistant,0.049%,Strand,-68.7°,133.2°,1.803Å,1.766Å,"1,917",Stabilising,"0,946",Stabilising,"-1,18",Increase in Flexibility,"-0,998",Destabilising,"0,41",Stabilising,"-8,681",Deleterious,85,Severe
D49T,Resistant,0.049%,Strand,-68.7°,133.2°,1.803Å,1.766Å,"-0,204",Destabilising,"0,229",Destabilising,"-0,28",Increase in Flexibility,"-2,191",Destabilising,"0,43",Stabilising,"-6,748",Deleterious,77,Severe
D49W,Resistant,0.049%,Strand,-68.7°,133.2°,1.803Å,1.766Å,"1,544",Stabilising,"0,823",Stabilising,"-1,02",Increase in Flexibility,"-1,323",Destabilising,"-0,11",Destabilising,"-9,65",Deleterious,85,Severe
H51A,Resistant,0.005%,Isolate,"-108,6",124.9°,1.523Å,2.295Å,"-1,494",Destabilising,"-0,651",Destabilising,"0,814",Decrease in Flexibility,"-2,025",Destabilising,"-0,87",Destabilising,"-9,661",Deleterious,68,Severe
H51R,Resistant,0.005%,Isolate,"-108,6",124.9°,1.523Å,2.295Å,"-0,254",Destabilising,"0,067",Destabilising,"-0,08",Increase in Flexibility,"-1,574",Destabilising,"-1,51",Destabilising,"-7,726",Deleterious,74,Severe
H51N,Resistant,0.005%,Isolate,"-108,6",124.9°,1.523Å,2.295Å,"-1,198",Destabilising,"-0,382",Destabilising,"0,477",Decrease in Flexibility,"-2,005",Destabilising,"-1,78",Destabilising,"-6,763",Deleterious,70,Severe
H51D,Resistant,0.005%,Isolate,"-108,6",124.9°,1.523Å,2.295Å,"-1,522",Destabilising,"-0,476",Destabilising,"0,595",Decrease in Flexibility,"-2,03",Destabilising,"-2,02",Destabilising,"-8,696",Deleterious,82,Severe
H51E,Resistant,0.005%,Isolate,"-108,6",124.9°,1.523Å,2.295Å,"-0,922",Destabilising,"-0,283",Destabilising,"0,353",Decrease in Flexibility,"-1,837",Destabilising,"-0,94",Destabilising,"-7,729",Deleterious,80,Severe
H51C,Resistant,0.005%,Isolate,"-108,6",124.9°,1.523Å,2.295Å,"-0,989",Destabilising,"-0,422",Destabilising,"0,527",Decrease in Flexibility,"-1,427",Destabilising,"-1,06",Destabilising,"-10,629",Deleterious,64,Severe
H51G,Resistant,0.005%,Isolate,"-108,6",124.9°,1.523Å,2.295Å,"-1,861",Destabilising,"-0,553",Destabilising,"0,691",Decrease in Flexibility,"-2,387",Destabilising,"-1,55",Destabilising,"-9,662",Deleterious,76,Severe
H51Q,Resistant,0.005%,Isolate,"-108,6",124.9°,1.523Å,2.295Å,"-1,257",Destabilising,"-0,297",Destabilising,"0,372",Decrease in Flexibility,"-1,573",Destabilising,"-1,5",Destabilising,"-7,728",Deleterious,65,Severe
H51I,Resistant,0.005%,Isolate,"-108,6",124.9°,1.523Å,2.295Å,"-0,087",Destabilising,"-0,326",Destabilising,"0,408",Decrease in Flexibility,"-0,927",Destabilising,"0,96",Stabilising,"-10,629",Deleterious,66,Severe
H51L,Resistant,0.005%,Isolate,"-108,6",124.9°,1.523Å,2.295Å,"-0,121",Destabilising,"-0,378",Destabilising,"0,473",Decrease in Flexibility,"-0,927",Destabilising,"0,36",Stabilising,"-10,628",Deleterious,69,Severe
H51K,Resistant,0.005%,Isolate,"-108,6",124.9°,1.523Å,2.295Å,"-0,805",Destabilising,"-0,184",Destabilising,"0,23",Decrease in Flexibility,"-1,398",Destabilising,"-1,36",Destabilising,"-8,693",Deleterious,80,Severe
H51M,Resistant,0.005%,Isolate,"-108,6",124.9°,1.523Å,2.295Å,"-1,25",Destabilising,"-0,345",Destabilising,"0,431",Decrease in Flexibility,"-1,224",Destabilising,"-0,5",Destabilising,"-9,661",Deleterious,58,Severe
H51F,Resistant,0.005%,Isolate,"-108,6",124.9°,1.523Å,2.295Å,"0,361",Stabilising,"0,09",Destabilising,"-0,11",Increase in Flexibility,"0,059",Stabilising,"0,25",Stabilising,"-8,696",Deleterious,62,Severe
H51P,Resistant,0.005%,Isolate,"-108,6",124.9°,1.523Å,2.295Å,"-1,429",Destabilising,"-0,618",Destabilising,"0,772",Decrease in Flexibility,"-1,289",Destabilising,"-2,81",Destabilising,"-9,662",Deleterious,82,Severe
H51S,Resistant,0.005%,Isolate,"-108,6",124.9°,1.523Å,2.295Å,"-1,595",Destabilising,"-0,44",Destabilising,"0,55",Decrease in Flexibility,"-2,189",Destabilising,"-2,71",Destabilising,"-8,695",Deleterious,72,Severe
H51Y,Resistant,0.005%,Isolate,"-108,6",124.9°,1.523Å,2.295Å,"0,546",Stabilising,"0,129",Destabilising,"-0,16",Increase in Flexibility,"0,22",Stabilising,"-0,75",Destabilising,"-5,798",Deleterious,60,Severe
H51T,Resistant,0.005%,Isolate,"-108,6",124.9°,1.523Å,2.295Å,"-0,551",Destabilising,"-0,395",Destabilising,"0,493",Decrease in Flexibility,"-1,89",Destabilising,"-1,29",Destabilising,"-9,661",Deleterious,69,Severe
H51W,Resistant,0.005%,Isolate,"-108,6",124.9°,1.523Å,2.295Å,"0,943",Stabilising,"0,844",Stabilising,"-1,05",Increase in Flexibility,"0,563",Stabilising,"-1,09",Destabilising,"-9,663",Deleterious,70,Severe
H57A,Resistant,0.092%,3-10 he,-59.3°,-29.7°,0.921Å,2.100Å,"-1,388",Destabilising,"-0,66",Destabilising,"0,825",Decrease in Flexibility,"-1,634",Destabilising,"-1,07",Destabilising,"-9,661",Deleterious,64,Severe
H57R,Resistant,0.092%,3-10 he,-59.3°,-29.7°,0.921Å,2.100Å,"0,067",Stabilising,"0,644",Stabilising,"-0,8",Increase in Flexibility,"-1,132",Destabilising,"-2,22",Destabilising,"-7,729",Deleterious,76,Severe
H57N,Resistant,0.092%,3-10 he,-59.3°,-29.7°,0.921Å,2.100Å,"-0,309",Destabilising,"-0,037",Destabilising,"0,046",Decrease in Flexibility,"-1,53",Destabilising,"-2,34",Destabilising,"-6,761",Deleterious,59,Severe
H57D,Resistant,0.092%,3-10 he,-59.3°,-29.7°,0.921Å,2.100Å,"-0,775",Destabilising,"-0,195",Destabilising,"0,244",Decrease in Flexibility,"-1,581",Destabilising,"-2,32",Destabilising,"-8,69",Deleterious,75,Severe
H57E,Resistant,0.092%,3-10 he,-59.3°,-29.7°,0.921Å,2.100Å,"-0,453",Destabilising,"-0,047",Destabilising,"0,059",Decrease in Flexibility,"-1,405",Destabilising,"0,02",Stabilising,"-7,727",Deleterious,75,Severe
H57C,Resistant,0.092%,3-10 he,-59.3°,-29.7°,0.921Å,2.100Å,"-0,843",Destabilising,"-0,355",Destabilising,"0,444",Decrease in Flexibility,"-0,944",Destabilising,"-1,03",Destabilising,"-10,628",Deleterious,54,Severe
H57G,Resistant,0.092%,3-10 he,-59.3°,-29.7°,0.921Å,2.100Å,"-2,19",Destabilising,"-0,785",Destabilising,"0,982",Decrease in Flexibility,"-2,045",Destabilising,"-3,08",Destabilising,"-9,661",Deleterious,72,Severe
H57Q,Resistant,0.092%,3-10 he,-59.3°,-29.7°,0.921Å,2.100Å,"-0,308",Destabilising,"0,076",Destabilising,"-0,09",Increase in Flexibility,"-1,167",Destabilising,"-1,24",Destabilising,"-7,728",Deleterious,63,Severe
H57I,Resistant,0.092%,3-10 he,-59.3°,-29.7°,0.921Å,2.100Å,"-0,396",Destabilising,"-0,194",Destabilising,"0,242",Decrease in Flexibility,"-0,422",Destabilising,"-0,16",Destabilising,"-10,628",Deleterious,67,Severe
H57L,Resistant,0.092%,3-10 he,-59.3°,-29.7°,0.921Å,2.100Å,"-0,423",Destabilising,"-0,082",Destabilising,"0,102",Decrease in Flexibility,"-0,422",Destabilising,"1,38",Stabilising,"-10,629",Deleterious,68,Severe
H57K,Resistant,0.092%,3-10 he,-59.3°,-29.7°,0.921Å,2.100Å,"0,318",Stabilising,"0,271",Destabilising,"-0,33",Increase in Flexibility,"-0,952",Destabilising,"-1,97",Destabilising,"-8,695",Deleterious,80,Severe
H57M,Resistant,0.092%,3-10 he,-59.3°,-29.7°,0.921Å,2.100Å,"0,124",Stabilising,"0,115",Destabilising,"-0,14",Increase in Flexibility,"-0,618",Destabilising,"-0,57",Destabilising,"-9,662",Deleterious,60,Severe
H57F,Resistant,0.092%,3-10 he,-59.3°,-29.7°,0.921Å,2.100Å,"1,93",Stabilising,"0,483",Destabilising,"-0,6",Increase in Flexibility,"0,074",Stabilising,"0,39",Stabilising,"-8,696",Deleterious,66,Severe
H57P,Resistant,0.092%,3-10 he,-59.3°,-29.7°,0.921Å,2.100Å,"-0,952",Destabilising,"-0,582",Destabilising,"0,728",Decrease in Flexibility,"-0,815",Destabilising,"-2,58",Destabilising,"-9,661",Deleterious,78,Severe
H57Y,Resistant,0.092%,3-10 he,-59.3°,-29.7°,0.921Å,2.100Å,"1,672",Stabilising,"0,582",Stabilising,"-0,72",Increase in Flexibility,"0,429",Stabilising,"-0,34",Destabilising,"-5,798",Deleterious,63,Severe
H57T,Resistant,0.092%,3-10 he,-59.3°,-29.7°,0.921Å,2.100Å,"-1,185",Destabilising,"-0,415",Destabilising,"0,519",Decrease in Flexibility,"-1,389",Destabilising,"-2,64",Destabilising,"-9,661",Deleterious,66,Severe
H57W,Resistant,0.092%,3-10 he,-59.3°,-29.7°,0.921Å,2.100Å,"1,52",Stabilising,"0,83",Stabilising,"-1,03",Increase in Flexibility,"0,555",Stabilising,"-1,24",Destabilising,"-9,663",Deleterious,68,Severe
H71A,Resistant,0.027%,Other/,"-143,6",148.9°,1.347Å,2.236Å,"-2,012",Destabilising,"-0,202",Destabilising,"0,252",Decrease in Flexibility,"-2,717",Destabilising,"-0,87",Destabilising,"-9,833",Deleterious,66,Severe
H71R,Resistant,0.027%,Other/,"-143,6",148.9°,1.347Å,2.236Å,"0,781",Stabilising,"0,38",Destabilising,"-0,47",Increase in Flexibility,"-1,915",Destabilising,"-1,68",Destabilising,"-7,867",Deleterious,77,Severe
H71N,Resistant,0.027%,Other/,"-143,6",148.9°,1.347Å,2.236Å,"-0,574",Destabilising,"0,003",Destabilising,0,Increase in Flexibility,"-2,596",Destabilising,"-1,78",Destabilising,"-6,883",Deleterious,70,Severe
H71D,Resistant,0.027%,Other/,"-143,6",148.9°,1.347Å,2.236Å,"-0,742",Destabilising,"-0,066",Destabilising,"0,083",Decrease in Flexibility,"-2,621",Destabilising,"-2,02",Destabilising,"-8,85",Deleterious,82,Severe
H71E,Resistant,0.027%,Other/,"-143,6",148.9°,1.347Å,2.236Å,"0,148",Stabilising,"0,106",Destabilising,"-0,13",Increase in Flexibility,"-2,434",Destabilising,"-0,93",Destabilising,"-7,867",Deleterious,80,Severe
H71C,Resistant,0.027%,Other/,"-143,6",148.9°,1.347Å,2.236Å,"-0,357",Destabilising,"0,012",Destabilising,"-0,01",Increase in Flexibility,"-1,863",Destabilising,"-1,06",Destabilising,"-10,817",Deleterious,63,Severe
H71G,Resistant,0.027%,Other/,"-143,6",148.9°,1.347Å,2.236Å,"-1,79",Destabilising,"-0,353",Destabilising,"0,442",Decrease in Flexibility,"-3,058",Destabilising,"-1,55",Destabilising,"-9,833",Deleterious,75,Severe
H71Q,Resistant,0.027%,Other/,"-143,6",148.9°,1.347Å,2.236Å,"0,434",Stabilising,"0,183",Destabilising,"-0,22",Increase in Flexibility,"-2,266",Destabilising,"-1,57",Destabilising,"-7,867",Deleterious,67,Severe
H71I,Resistant,0.027%,Other/,"-143,6",148.9°,1.347Å,2.236Å,"0,416",Stabilising,"0,255",Destabilising,"-0,31",Increase in Flexibility,"-1,647",Destabilising,"0,96",Stabilising,"-10,817",Deleterious,68,Severe
H71L,Resistant,0.027%,Other/,"-143,6",148.9°,1.347Å,2.236Å,"-0,987",Destabilising,"0,068",Destabilising,"-0,08",Increase in Flexibility,"-1,647",Destabilising,"0,36",Stabilising,"-10,8",Deleterious,69,Severe
H71K,Resistant,0.027%,Other/,"-143,6",148.9°,1.347Å,2.236Å,"0,06",Stabilising,"0,294",Destabilising,"-0,36",Increase in Flexibility,"-1,901",Destabilising,"-1,42",Destabilising,"-8,85",Deleterious,81,Severe
H71M,Resistant,0.027%,Other/,"-143,6",148.9°,1.347Å,2.236Å,"0,431",Stabilising,"0,105",Destabilising,"-0,13",Increase in Flexibility,"-1,738",Destabilising,"-0,42",Destabilising,"-9,833",Deleterious,62,Severe
H71F,Resistant,0.027%,Other/,"-143,6",148.9°,1.347Å,2.236Å,"1,391",Stabilising,"0,372",Destabilising,"-0,46",Increase in Flexibility,"-0,683",Destabilising,"0,25",Stabilising,"-8,85",Deleterious,65,Severe
H71P,Resistant,0.027%,Other/,"-143,6",148.9°,1.347Å,2.236Å,"-1,923",Destabilising,"-0,371",Destabilising,"0,464",Decrease in Flexibility,"-2,006",Destabilising,"-2,81",Destabilising,"-9,833",Deleterious,84,Severe
H71S,Resistant,0.027%,Other/,"-143,6",148.9°,1.347Å,2.236Å,"-2,651",Destabilising,"-0,087",Destabilising,"0,109",Decrease in Flexibility,"-2,78",Destabilising,"-2,61",Destabilising,"-8,85",Deleterious,72,Severe
H71Y,Resistant,0.027%,Other/,"-143,6",148.9°,1.347Å,2.236Å,"0,157",Stabilising,"0,435",Destabilising,"-0,54",Increase in Flexibility,"-0,522",Destabilising,"-0,65",Destabilising,"-5,9",Deleterious,61,Severe
H71T,Resistant,0.027%,Other/,"-143,6",148.9°,1.347Å,2.236Å,"-0,397",Destabilising,"-0,028",Destabilising,"0,035",Decrease in Flexibility,"-2,496",Destabilising,"-1,57",Destabilising,"-9,833",Deleterious,74,Severe
H71W,Resistant,0.027%,Other/,"-143,6",148.9°,1.347Å,2.236Å,"0,46",Stabilising,"0,515",Stabilising,"-0,64",Increase in Flexibility,"-0,044",Destabilising,"-1,09",Destabilising,"-9,833",Deleterious,72,Severe
W68A,Resistant,0.194%,Isolate,"-137,2",160.4°,1.157Å,2.633Å,"-1,036",Destabilising,"-0,759",Destabilising,"0,948",Decrease in Flexibility,"-2,816",Destabilising,"0,13",Stabilising,"-13,614",Deleterious,82,Severe
W68R,Resistant,0.194%,Isolate,"-137,2",160.4°,1.157Å,2.633Å,"-0,714",Destabilising,"-0,265",Destabilising,"0,331",Decrease in Flexibility,"-1,99",Destabilising,"-0,2",Destabilising,"-13,64",Deleterious,89,Severe
W68N,Resistant,0.194%,Isolate,"-137,2",160.4°,1.157Å,2.633Å,"-1,547",Destabilising,"-0,532",Destabilising,"0,665",Decrease in Flexibility,"-2,956",Destabilising,"-0,64",Destabilising,"-14,614",Deleterious,87,Severe
W68D,Resistant,0.194%,Isolate,"-137,2",160.4°,1.157Å,2.633Å,"-1,555",Destabilising,"-0,575",Destabilising,"0,719",Decrease in Flexibility,"-3,368",Destabilising,"-0,5",Destabilising,"-14,614",Deleterious,89,Severe
W68E,Resistant,0.194%,Isolate,"-137,2",160.4°,1.157Å,2.633Å,"-1,326",Destabilising,"-0,499",Destabilising,"0,624",Decrease in Flexibility,"-3,267",Destabilising,"-0,38",Destabilising,"-13,632",Deleterious,88,Severe
W68C,Resistant,0.194%,Isolate,"-137,2",160.4°,1.157Å,2.633Å,"-0,706",Destabilising,"-0,609",Destabilising,"0,761",Decrease in Flexibility,"-1,886",Destabilising,"0,08",Stabilising,"-12,649",Deleterious,78,Severe
W68G,Resistant,0.194%,Isolate,"-137,2",160.4°,1.157Å,2.633Å,"-1,637",Destabilising,"-0,788",Destabilising,"0,985",Decrease in Flexibility,"-3,052",Destabilising,"0,21",Stabilising,"-12,665",Deleterious,86,Severe
W68Q,Resistant,0.194%,Isolate,"-137,2",160.4°,1.157Å,2.633Å,"-1,754",Destabilising,"-0,573",Destabilising,"0,716",Decrease in Flexibility,"-2,816",Destabilising,"-0,96",Destabilising,"-12,657",Deleterious,85,Severe
W68H,Resistant,0.194%,Isolate,"-137,2",160.4°,1.157Å,2.633Å,"-0,43",Destabilising,"-0,337",Destabilising,"0,421",Decrease in Flexibility,"-2,111",Destabilising,"0,04",Stabilising,"-12,666",Deleterious,88,Severe
W68I,Resistant,0.194%,Isolate,"-137,2",160.4°,1.157Å,2.633Å,"-0,948",Destabilising,"-0,581",Destabilising,"0,726",Decrease in Flexibility,"-1,921",Destabilising,"0,81",Stabilising,"-13,591",Deleterious,83,Severe
W68L,Resistant,0.194%,Isolate,"-137,2",160.4°,1.157Å,2.633Å,"-0,654",Destabilising,"-0,488",Destabilising,"0,61",Decrease in Flexibility,"-1,921",Destabilising,"0,24",Stabilising,"-12,633",Deleterious,84,Severe
W68K,Resistant,0.194%,Isolate,"-137,2",160.4°,1.157Å,2.633Å,"-0,818",Destabilising,"-0,264",Destabilising,"0,33",Decrease in Flexibility,"-2,264",Destabilising,"-0,04",Destabilising,"-13,632",Deleterious,90,Severe
W68M,Resistant,0.194%,Isolate,"-137,2",160.4°,1.157Å,2.633Å,"-0,699",Destabilising,"-0,362",Destabilising,"0,453",Decrease in Flexibility,"-1,592",Destabilising,"0,12",Stabilising,"-11,658",Deleterious,82,Severe
W68F,Resistant,0.194%,Isolate,"-137,2",160.4°,1.157Å,2.633Å,"-0,801",Destabilising,"-0,213",Destabilising,"0,266",Decrease in Flexibility,"-1,657",Destabilising,"0,09",Stabilising,"-9,727",Deleterious,73,Severe
W68P,Resistant,0.194%,Isolate,"-137,2",160.4°,1.157Å,2.633Å,"-1,277",Destabilising,"-1,053",Destabilising,"1,316",Decrease in Flexibility,"-2,247",Destabilising,"-1,78",Destabilising,"-14,607",Deleterious,91,Severe
W68S,Resistant,0.194%,Isolate,"-137,2",160.4°,1.157Å,2.633Å,"-1,676",Destabilising,"-0,644",Destabilising,"0,805",Decrease in Flexibility,"-3,093",Destabilising,"-1,03",Destabilising,"-13,629",Deleterious,86,Severe
W68Y,Resistant,0.194%,Isolate,"-137,2",160.4°,1.157Å,2.633Å,"-0,689",Destabilising,"-0,091",Destabilising,"0,114",Decrease in Flexibility,"-1,596",Destabilising,"-0,17",Destabilising,"-8,752",Deleterious,79,Severe
W68T,Resistant,0.194%,Isolate,"-137,2",160.4°,1.157Å,2.633Å,"-1,36",Destabilising,"-0,507",Destabilising,"0,634",Decrease in Flexibility,"-2,916",Destabilising,"-0,47",Destabilising,"-12,64",Deleterious,87,Severe
K96A,Resistant,0.029%,Strand,"-128,8",151.0°,1.368Å,1.877Å,"0,054",Stabilising,"-0,467",Destabilising,"0,584",Decrease in Flexibility,"0,293",Stabilising,"-1,43",Destabilising,"-5,913",Deleterious,80,Severe
K96R,Resistant,0.029%,Strand,"-128,8",151.0°,1.368Å,1.877Å,"0,895",Stabilising,"0,263",Destabilising,"-0,32",Increase in Flexibility,"-0,201",Destabilising,"-1,37",Destabilising,"-2,96",Deleterious,85,Severe
K96N,Resistant,0.029%,Strand,"-128,8",151.0°,1.368Å,1.877Å,"-0,266",Destabilising,"-0,055",Destabilising,"0,069",Decrease in Flexibility,"-1,127",Destabilising,"-0,61",Destabilising,"-4,927",Deleterious,90,Severe
K96D,Resistant,0.029%,Strand,"-128,8",151.0°,1.368Å,1.877Å,"-1,841",Destabilising,"-0,147",Destabilising,"0,184",Decrease in Flexibility,"-2,253",Destabilising,"-1,7",Destabilising,"-5,92",Deleterious,93,Severe
K96E,Resistant,0.029%,Strand,"-128,8",151.0°,1.368Å,1.877Å,"-0,248",Destabilising,"-0,056",Destabilising,"0,069",Decrease in Flexibility,"-2,158",Destabilising,"-1,02",Destabilising,"-3,947",Deleterious,89,Severe
K96C,Resistant,0.029%,Strand,"-128,8",151.0°,1.368Å,1.877Å,"-0,694",Destabilising,"-0,065",Destabilising,"0,081",Decrease in Flexibility,"-1,133",Destabilising,"-0,48",Destabilising,"-7,893",Deleterious,75,Severe
K96G,Resistant,0.029%,Strand,"-128,8",151.0°,1.368Å,1.877Å,"-0,185",Destabilising,"-0,722",Destabilising,"0,902",Decrease in Flexibility,"0,043",Stabilising,"-1,53",Destabilising,"-6,913",Deleterious,89,Severe
K96Q,Resistant,0.029%,Strand,"-128,8",151.0°,1.368Å,1.877Å,"0,169",Stabilising,"-0,029",Destabilising,"0,037",Decrease in Flexibility,"-1,266",Destabilising,"-0,93",Destabilising,"-3,947",Deleterious,78,Severe
K96H,Resistant,0.029%,Strand,"-128,8",151.0°,1.368Å,1.877Å,"1,502",Stabilising,"0,246",Destabilising,"-0,3",Increase in Flexibility,"-0,328",Destabilising,"0,16",Stabilising,"-5,927",Deleterious,80,Severe
K96I,Resistant,0.029%,Strand,"-128,8",151.0°,1.368Å,1.877Å,"1,675",Stabilising,"0,073",Destabilising,"-0,09",Increase in Flexibility,"0,894",Stabilising,"2,26",Stabilising,"-7,893",Deleterious,86,Severe
K96L,Resistant,0.029%,Strand,"-128,8",151.0°,1.368Å,1.877Å,"1,728",Stabilising,"0,1",Destabilising,"-0,12",Increase in Flexibility,"0,894",Stabilising,"1,68",Stabilising,"-6,907",Deleterious,88,Severe
K96M,Resistant,0.029%,Strand,"-128,8",151.0°,1.368Å,1.877Å,"0,836",Stabilising,"0,089",Destabilising,"-0,11",Increase in Flexibility,"0,56",Stabilising,"-0,49",Destabilising,"-5,92",Deleterious,84,Severe
K96F,Resistant,0.029%,Strand,"-128,8",151.0°,1.368Å,1.877Å,"2,041",Stabilising,"0,458",Destabilising,"-0,57",Increase in Flexibility,"-0,175",Destabilising,"1,33",Stabilising,"-7,9",Deleterious,86,Severe
K96P,Resistant,0.029%,Strand,"-128,8",151.0°,1.368Å,1.877Å,"0,339",Stabilising,"-0,449",Destabilising,"0,561",Decrease in Flexibility,"0,722",Stabilising,"-2,6",Destabilising,"-5,907",Deleterious,94,Severe
K96S,Resistant,0.029%,Strand,"-128,8",151.0°,1.368Å,1.877Å,"-0,769",Destabilising,"-0,375",Destabilising,"0,469",Decrease in Flexibility,"-1,128",Destabilising,"-2,84",Destabilising,"-4,92",Deleterious,83,Severe
K96Y,Resistant,0.029%,Strand,"-128,8",151.0°,1.368Å,1.877Å,"2,357",Stabilising,"0,555",Stabilising,"-0,69",Increase in Flexibility,"0,157",Stabilising,"0,79",Stabilising,"-6,913",Deleterious,84,Severe
K96T,Resistant,0.029%,Strand,"-128,8",151.0°,1.368Å,1.877Å,"0,013",Stabilising,"-0,144",Destabilising,"0,181",Decrease in Flexibility,"-0,877",Destabilising,"-0,9",Destabilising,"-5,88",Deleterious,85,Severe
K96W,Resistant,0.029%,Strand,"-128,8",151.0°,1.368Å,1.877Å,"1,261",Stabilising,"0,613",Stabilising,"-0,76",Increase in Flexibility,"-0,552",Destabilising,"0,04",Stabilising,"-7,9",Deleterious,88,Severe
A102R,Resistant,0.085%,Other/,"-119,3",129.3°,1.052Å,1.864Å,"0,063",Stabilising,"0,573",Stabilising,"-0,71",Increase in Flexibility,"-0,691",Destabilising,"-1,7",Destabilising,"-4,421",Deleterious,81,Severe
A102N,Resistant,0.085%,Other/,"-119,3",129.3°,1.052Å,1.864Å,"0,405",Stabilising,"0,343",Destabilising,"-0,42",Increase in Flexibility,"-0,692",Destabilising,"-1,22",Destabilising,"-4,929",Deleterious,76,Severe
A102D,Resistant,0.085%,Other/,"-119,3",129.3°,1.052Å,1.864Å,"0,534",Stabilising,"0,322",Destabilising,"-0,4",Increase in Flexibility,"-1,447",Destabilising,"-0,82",Destabilising,"-5,079",Deleterious,79,Severe
A102E,Resistant,0.085%,Other/,"-119,3",129.3°,1.052Å,1.864Å,"0,925",Stabilising,"0,575",Stabilising,"-0,71",Increase in Flexibility,"-1,525",Destabilising,"-1,73",Destabilising,"-4,401",Deleterious,81,Severe
A102C,Resistant,0.085%,Other/,"-119,3",129.3°,1.052Å,1.864Å,"0,685",Stabilising,"0,415",Destabilising,"-0,51",Increase in Flexibility,"-0,595",Destabilising,"-0,16",Destabilising,"-3,783",Deleterious,59,Severe
A102Q,Resistant,0.085%,Other/,"-119,3",129.3°,1.052Å,1.864Å,"0,341",Stabilising,"0,588",Stabilising,"-0,73",Increase in Flexibility,"-0,953",Destabilising,"-2,45",Destabilising,"-4,421",Deleterious,71,Severe
A102H,Resistant,0.085%,Other/,"-119,3",129.3°,1.052Å,1.864Å,"0,312",Stabilising,"0,618",Stabilising,"-0,77",Increase in Flexibility,"-1,359",Destabilising,"-0,71",Destabilising,"-5,244",Deleterious,79,Severe
A102I,Resistant,0.085%,Other/,"-119,3",129.3°,1.052Å,1.864Å,"0,894",Stabilising,"0,543",Stabilising,"-0,67",Increase in Flexibility,"-0,572",Destabilising,"0,11",Stabilising,"-4,783",Deleterious,74,Severe
A102L,Resistant,0.085%,Other/,"-119,3",129.3°,1.052Å,1.864Å,"-0,184",Destabilising,"0,701",Stabilising,"-0,87",Increase in Flexibility,"-0,572",Destabilising,"-0,67",Destabilising,"-4,783",Deleterious,76,Severe
A102K,Resistant,0.085%,Other/,"-119,3",129.3°,1.052Å,1.864Å,"0,381",Stabilising,"0,539",Stabilising,"-0,67",Increase in Flexibility,"-1,144",Destabilising,"-1,99",Destabilising,"-4,428",Deleterious,80,Severe
A102M,Resistant,0.085%,Other/,"-119,3",129.3°,1.052Å,1.864Å,"-0,049",Destabilising,"0,552",Stabilising,"-0,69",Increase in Flexibility,"-0,187",Destabilising,"-1,34",Destabilising,"-4,612",Deleterious,61,Severe
A102F,Resistant,0.085%,Other/,"-119,3",129.3°,1.052Å,1.864Å,"2,095",Stabilising,"1,043",Stabilising,"-1,3",Increase in Flexibility,"-1,252",Destabilising,"-1,2",Destabilising,"-5,441",Deleterious,80,Severe
A102P,Susceptible,0.085%,Other/,"-119,3",129.3°,1.052Å,1.864Å,"-0,636",Destabilising,"0,138",Destabilising,"-0,17",Increase in Flexibility,"-0,673",Destabilising,"-3,65",Destabilising,"-4,434",Deleterious,83,Severe
A102Y,Resistant,0.085%,Other/,"-119,3",129.3°,1.052Å,1.864Å,"1,163",Stabilising,"0,781",Stabilising,"-0,97",Increase in Flexibility,"-1,202",Destabilising,"-1,37",Destabilising,"-5,434",Deleterious,72,Severe
A102T,Resistant,0.085%,Other/,"-119,3",129.3°,1.052Å,1.864Å,"0,15",Stabilising,"0,493",Destabilising,"-0,61",Increase in Flexibility,"-0,953",Destabilising,"-0,71",Destabilising,"-3,618",Deleterious,71,Severe
A102W,Resistant,0.085%,Other/,"-119,3",129.3°,1.052Å,1.864Å,"1,318",Stabilising,"0,552",Stabilising,"-0,69",Increase in Flexibility,"-1,532",Destabilising,"-1,77",Destabilising,"-6,099",Deleterious,81,Severe
I133A,Resistant,0.018%,Strand,"-122,7",140.2°,1.356Å,2.107Å,"-1,958",Destabilising,"-1,09",Destabilising,"1,362",Decrease in Flexibility,"-2,62",Destabilising,"-4,71",Destabilising,"-4,447",Deleterious,59,Severe
I133R,Resistant,0.018%,Strand,"-122,7",140.2°,1.356Å,2.107Å,"-0,848",Destabilising,"-0,31",Destabilising,"0,387",Decrease in Flexibility,"-1,435",Destabilising,"-3,48",Destabilising,"-6,353",Deleterious,81,Severe
I133N,Resistant,0.018%,Strand,"-122,7",140.2°,1.356Å,2.107Å,"-0,968",Destabilising,"-0,736",Destabilising,"0,92",Decrease in Flexibility,"-2,057",Destabilising,"-3,21",Destabilising,"-6,387",Deleterious,78,Severe
I133D,Resistant,0.018%,Strand,"-122,7",140.2°,1.356Å,2.107Å,"-3,115",Destabilising,"-0,81",Destabilising,"1,013",Decrease in Flexibility,"-2,692",Destabilising,"-3,55",Destabilising,"-6,415",Deleterious,83,Severe
I133E,Resistant,0.018%,Strand,"-122,7",140.2°,1.356Å,2.107Å,"-2,185",Destabilising,"-0,591",Destabilising,"0,739",Decrease in Flexibility,"-2,51",Destabilising,"-2,66",Destabilising,"-6,313",Deleterious,79,Severe
I133G,Resistant,0.018%,Strand,"-122,7",140.2°,1.356Å,2.107Å,"-1,828",Destabilising,"-1,426",Destabilising,"1,782",Decrease in Flexibility,"-3,1",Destabilising,"-0,94",Destabilising,"-7,252",Deleterious,81,Severe
I133Q,Resistant,0.018%,Strand,"-122,7",140.2°,1.356Å,2.107Å,"-1,233",Destabilising,"-0,605",Destabilising,"0,756",Decrease in Flexibility,"-2,025",Destabilising,"-3,32",Destabilising,"-6,278",Deleterious,73,Severe
I133H,Resistant,0.018%,Strand,"-122,7",140.2°,1.356Å,2.107Å,"-1,809",Destabilising,"-0,334",Destabilising,"0,417",Decrease in Flexibility,"-2,26",Destabilising,"-2,24",Destabilising,"-6,388",Deleterious,77,Severe
I133L,Resistant,0.018%,Strand,"-122,7",140.2°,1.356Å,2.107Å,"-1,01",Destabilising,"-0,316",Destabilising,"0,396",Decrease in Flexibility,"-1,244",Destabilising,"-0,92",Destabilising,"-1,729",Neutral,-53,Neutral
I133K,Resistant,0.018%,Strand,"-122,7",140.2°,1.356Å,2.107Å,"-0,753",Destabilising,"-0,32",Destabilising,"0,4",Decrease in Flexibility,"-1,819",Destabilising,"-3,53",Destabilising,"-6,278",Deleterious,83,Severe
I133F,Resistant,0.018%,Strand,"-122,7",140.2°,1.356Å,2.107Å,"0,125",Stabilising,"-0,024",Destabilising,"0,03",Decrease in Flexibility,"-1,542",Destabilising,"-1,54",Destabilising,"-3,671",Deleterious,52,Severe
I133P,Resistant,0.018%,Strand,"-122,7",140.2°,1.356Å,2.107Å,"-1,044",Destabilising,"-0,679",Destabilising,"0,849",Decrease in Flexibility,"-1,684",Destabilising,"-4,99",Destabilising,"-6,255",Deleterious,84,Severe
I133S,Resistant,0.018%,Strand,"-122,7",140.2°,1.356Å,2.107Å,"-1,738",Destabilising,"-0,953",Destabilising,"1,191",Decrease in Flexibility,"-2,79",Destabilising,"-4,65",Destabilising,"-5,445",Deleterious,70,Severe
I133Y,Resistant,0.018%,Strand,"-122,7",140.2°,1.356Å,2.107Å,"0,208",Stabilising,"0,685",Stabilising,"-0,85",Increase in Flexibility,"-1,542",Destabilising,"-2,08",Destabilising,"-4,53",Deleterious,67,Severe
I133T,Resistant,0.018%,Strand,"-122,7",140.2°,1.356Å,2.107Å,"-2,024",Destabilising,"-0,723",Destabilising,"0,904",Decrease in Flexibility,"-2,475",Destabilising,"-2,61",Destabilising,"-4,447",Deleterious,68,Severe
I133W,Resistant,0.018%,Strand,"-122,7",140.2°,1.356Å,2.107Å,"-0,482",Destabilising,"0,113",Destabilising,"-0,14",Increase in Flexibility,"-1,748",Destabilising,"-2,38",Destabilising,"-6,166",Deleterious,70,Severe
A134R,Resistant,0.104%,Other/,"-102,8",146.1°,0.933Å,2.774Å,"0,267",Stabilising,"0,684",Stabilising,"-0,85",Increase in Flexibility,"-1,232",Destabilising,"-2,64",Destabilising,"-4,678",Deleterious,81,Severe
A134N,Resistant,0.104%,Other/,"-102,8",146.1°,0.933Å,2.774Å,"-0,95",Destabilising,"-0,4",Destabilising,"0,5",Decrease in Flexibility,"-1,646",Destabilising,"-2,23",Destabilising,"-5,618",Deleterious,80,Severe
A134D,Susceptible,0.104%,Other/,"-102,8",146.1°,0.933Å,2.774Å,"-0,679",Destabilising,"0,152",Destabilising,"-0,19",Increase in Flexibility,"-2,673",Destabilising,"-2,47",Destabilising,"-5,624",Deleterious,85,Severe
A134E,Resistant,0.104%,Other/,"-102,8",146.1°,0.933Å,2.774Å,"0,67",Stabilising,"0,505",Stabilising,"-0,63",Increase in Flexibility,"-2,631",Destabilising,"-2,54",Destabilising,"-4,672",Deleterious,83,Severe
A134G,Resistant,0.104%,Other/,"-102,8",146.1°,0.933Å,2.774Å,"0,617",Stabilising,"0,189",Destabilising,"-0,23",Increase in Flexibility,"-1,614",Destabilising,"-0,75",Destabilising,"-3,759",Deleterious,79,Severe
A134Q,Resistant,0.104%,Other/,"-102,8",146.1°,0.933Å,2.774Å,"0,806",Stabilising,"0,53",Stabilising,"-0,66",Increase in Flexibility,"-1,765",Destabilising,"-3,19",Destabilising,"-4,684",Deleterious,78,Severe
A134H,Resistant,0.104%,Other/,"-102,8",146.1°,0.933Å,2.774Å,"0,21",Stabilising,"0,475",Destabilising,"-0,59",Increase in Flexibility,"-1,71",Destabilising,"-1,75",Destabilising,"-5,631",Deleterious,81,Severe
A134I,Resistant,0.104%,Other/,"-102,8",146.1°,0.933Å,2.774Å,"1,179",Stabilising,"0,542",Stabilising,"-0,67",Increase in Flexibility,"-0,515",Destabilising,"0,27",Stabilising,"-4,695",Deleterious,78,Severe
A134L,Resistant,0.104%,Other/,"-102,8",146.1°,0.933Å,2.774Å,"0,256",Stabilising,"0,047",Destabilising,"-0,05",Increase in Flexibility,"-0,515",Destabilising,"-1,03",Destabilising,"-4,694",Deleterious,79,Severe
A134K,Resistant,0.104%,Other/,"-102,8",146.1°,0.933Å,2.774Å,"-0,849",Destabilising,"-0,116",Destabilising,"0,144",Decrease in Flexibility,"-1,593",Destabilising,"-2,06",Destabilising,"-4,691",Deleterious,85,Severe
A134M,Resistant,0.104%,Other/,"-102,8",146.1°,0.933Å,2.774Å,"-0,005",Destabilising,"0,776",Stabilising,"-0,97",Increase in Flexibility,"-0,515",Destabilising,"-1,37",Destabilising,"-4,695",Deleterious,74,Severe
A134F,Resistant,0.104%,Other/,"-102,8",146.1°,0.933Å,2.774Å,"0,299",Stabilising,"0,742",Stabilising,"-0,92",Increase in Flexibility,"-1,244",Destabilising,"-0,63",Destabilising,"-5,636",Deleterious,83,Severe
A134P,Resistant,0.104%,Other/,"-102,8",146.1°,0.933Å,2.774Å,"-0,303",Destabilising,"0,316",Destabilising,"-0,39",Increase in Flexibility,"-0,735",Destabilising,"-4,22",Destabilising,"-4,667",Deleterious,88,Severe
A134S,Susceptible,0.104%,Other/,"-102,8",146.1°,0.933Å,2.774Å,"0,636",Stabilising,"0,406",Destabilising,"-0,5",Increase in Flexibility,"-1,953",Destabilising,"-2,04",Destabilising,"-2,799",Deleterious,60,Severe
A134Y,Resistant,0.104%,Other/,"-102,8",146.1°,0.933Å,2.774Å,"-0,019",Destabilising,"0,745",Stabilising,"-0,93",Increase in Flexibility,"-1,317",Destabilising,"-1,73",Destabilising,"-5,636",Deleterious,81,Severe
A134T,Resistant,0.104%,Other/,"-102,8",146.1°,0.933Å,2.774Å,"0,243",Stabilising,"0,347",Destabilising,"-0,43",Increase in Flexibility,"-1,822",Destabilising,"-1,72",Destabilising,"-3,744",Deleterious,61,Severe
A134W,Resistant,0.104%,Other/,"-102,8",146.1°,0.933Å,2.774Å,"1,588",Stabilising,"1,222",Stabilising,"-1,52",Increase in Flexibility,"-1,727",Destabilising,"-1,81",Destabilising,"-6,262",Deleterious,83,Severe
H137A,Resistant,0.429%,Turn/b,"-129,3","-100,8",0.605Å,3.345Å,"0,053",Stabilising,"-0,504",Destabilising,"0,63",Decrease in Flexibility,"0,079",Stabilising,"-0,38",Destabilising,"-7,958",Deleterious,58,Severe
H137R,Resistant,0.429%,Turn/b,"-129,3","-100,8",0.605Å,3.345Å,"0,326",Stabilising,"0,277",Destabilising,"-0,34",Increase in Flexibility,"-0,434",Destabilising,"-0,61",Destabilising,"-6,559",Deleterious,76,Severe
H137N,Susceptible,0.429%,Turn/b,"-129,3","-100,8",0.605Å,3.345Å,"-0,086",Destabilising,"-0,15",Destabilising,"0,187",Decrease in Flexibility,"0,241",Stabilising,"-0,81",Destabilising,"-5,83",Deleterious,65,Severe
H137D,Resistant,0.429%,Turn/b,"-129,3","-100,8",0.605Å,3.345Å,"-0,247",Destabilising,"-0,293",Destabilising,"0,366",Decrease in Flexibility,"0,065",Stabilising,"-0,63",Destabilising,"-7,478",Deleterious,73,Severe
H137E,Susceptible,0.429%,Turn/b,"-129,3","-100,8",0.605Å,3.345Å,"-0,168",Destabilising,"-0,075",Destabilising,"0,094",Decrease in Flexibility,"0,1",Stabilising,"-0,5",Destabilising,"-6,55",Deleterious,76,Severe
H137C,Resistant,0.429%,Turn/b,"-129,3","-100,8",0.605Å,3.345Å,"0,479",Stabilising,"-0,243",Destabilising,"0,304",Decrease in Flexibility,"0,67",Stabilising,"-0,35",Destabilising,"-8,688",Deleterious,54,Severe
H137G,Resistant,0.429%,Turn/b,"-129,3","-100,8",0.605Å,3.345Å,"0,17",Stabilising,"-0,368",Destabilising,"0,46",Decrease in Flexibility,"-0,228",Destabilising,"-0,61",Destabilising,"-8,189",Deleterious,66,Severe
H137Q,Susceptible,0.429%,Turn/b,"-129,3","-100,8",0.605Å,3.345Å,"0,835",Stabilising,"0,074",Destabilising,"-0,09",Increase in Flexibility,"0,35",Stabilising,"-1,14",Destabilising,"-6,333",Deleterious,65,Severe
H137I,Susceptible,0.429%,Turn/b,"-129,3","-100,8",0.605Å,3.345Å,"0,409",Stabilising,"-0,273",Destabilising,"0,342",Decrease in Flexibility,"0,876",Stabilising,"0,2",Stabilising,"-8,473",Deleterious,55,Severe
H137L,Susceptible,0.429%,Turn/b,"-129,3","-100,8",0.605Å,3.345Å,"0,159",Stabilising,"-0,009",Destabilising,"0,012",Decrease in Flexibility,"0,876",Stabilising,,,,,,